{
  "cifar10_vs_cifar100": {
    "means": {
      "auroc_mean": 0.8672061900000001,
      "fpr95_mean": 0.6495
    },
    "stderrs": {
      "auroc_stderr": 0.0,
      "fpr95_stderr": 0.0
    },
    "final_info_dict": {
      "auroc": 0.8672061900000001,
      "fpr95": 0.6495
    }
  }
}