{
  "adult": {
    "means": {
      "accuracy_mean": 0.8573573573573574,
      "balanced_accuracy_mean": 0.7717355467323761,
      "equalized_odds_diff_mean": 0.09537873700063093,
      "demographic_parity_diff_mean": 0.1870498842368203,
      "abs_equalized_odds_diff_mean": 0.09537873700063093,
      "abs_demographic_parity_diff_mean": 0.1870498842368203
    },
    "stderrs": {
      "accuracy_stderr": 0.0,
      "balanced_accuracy_stderr": 0.0,
      "equalized_odds_diff_stderr": 0.0,
      "demographic_parity_diff_stderr": 0.0,
      "abs_equalized_odds_diff_stderr": 0.0,
      "abs_demographic_parity_diff_stderr": 0.0
    },
    "final_info_dict": {
      "accuracy": 0.8573573573573574,
      "balanced_accuracy": 0.7717355467323761,
      "equalized_odds_diff": 0.09537873700063093,
      "demographic_parity_diff": 0.1870498842368203,
      "abs_equalized_odds_diff": 0.09537873700063093,
      "abs_demographic_parity_diff": 0.1870498842368203
    }
  }
}