{
  "cifar100_incremental": {
    "means": {
      "avg_incremental_acc_mean": 0.5939333333333334,
      "avg_acc_cnn_mean": 0.5342166666666666,
      "avg_acc_nme_mean": 0.5939333333333334
    },
    "stderrs": {
      "avg_incremental_acc_stderr": 0.0,
      "avg_acc_cnn_stderr": 0.0,
      "avg_acc_nme_stderr": 0.0
    },
    "final_info_dict": {
      "avg_incremental_acc": 0.5939333333333334,
      "avg_acc_cnn": 0.5342166666666666,
      "avg_acc_nme": 0.5939333333333334
    }
  }
}